Site ID,Rating 5_5_22,Sport Fish Area Boundary,"Area, Region, Quad or City",Road Name,Stream Name,Prioritization,AWCStreamNo,Miles Used for Scoring,MSB Culverts to 16pc Gradient with Green culverts removed ,NHD Miles Data TO NEXT NON-GREEN CULVERT or END,Pre-2022 Miles Data to NEXT BARRIER or END,AWC Miles U/S- ,Acres of Lake,AWC SPECIES at mouth,No of Anadromous Species,Resident AFFI- Needs to be updated.,No of resident species,Red/Gray rating,Rating w/ Perch,Perch height over 1 foot,Perch,latitude,longitude,notes
20303898,Red,Kenai Peninsula,,Kenai Spur Highway,Unnamed,58,247-90-10030-2013,48.11,,48.11,,,,COr,1,,,1,2,1.25,1,60.78118,-151.081941,
20300988,Gray,Kenai Peninsula,,Sterling Highway,Anchor River North Fork ,41.5,244-10-10010-2011,137.02,,137.02,,,,"COs,Ks,Ps,DVpr,SHp",5,,,0.5,0.5,,,59.77373739,-151.8311236,
20300980,Green,Kenai Peninsula,,Kalifornsky Beach Road,Coal Creek,31.7,244-30-10050-2015,52,,52,,,,"COs,Ps,DVp",3,,,0,1,1.54,1,60.35517011,-151.2648354,
20300985,Red,Kenai Peninsula,,Nikolaevsk Road,Anchor River North Fork ,22.9,244-10-10010-2011,36.95,,36.95,,,,"COs,Ks,Ps,DVpr,SHp",5,,,1,1,,,59.80044833,-151.6365092,
20300950,Red,Kenai River Drainage,,Seward Highway,Quartz Creek,16,244-30-10010-2177,25.09,,25.09,,,,"CHsr,COp,Kp,Pp,Sp,Wp",6,,,1,1,,,60.59468129,-149.5475528,
20300997,Red,Kenai River Drainage,,Skilak Lake Road,Unnamed,14.2,244-30-10010-2145,11.09,,11.09,,,,"COs,Sp,DVp",3,,,1,2,2.38,1,60.48361123,-150.1165693,
20300961,Red,Kenai Peninsula,,Seward Highway,Lyon Creek,13.4,no awc,22.39,,22.39,,,,,,,,1,1,,,60.77885249,-149.22116,
20300989,Red,Kenai Peninsula,,Serling Highway,Two Moose Creek,13.2,244-10-10010-2021,21.08,,21.08,,,,"COsr,Ksr,DVr,SHr",4,,,1,1,,,59.75663697,-151.7827095,
20300972,Gray,Kenai River Drainage,,Kenai Spur Highway,Beaver Creek,12.6,244-30-10010-2025,41.09,,41.09,,,,"COsr,Ksr,Sr,DVr",4,,,0.5,0.5,,,60.56327004,-151.1202077,
20300949,Red,Kenai Peninsula,,Seward Highway,Fresno Creek,10.9,no awc,9.12,,9.12,,,,,,,,1,2,1.77,1,60.67025673,-149.4788081,
20300899,Red,Kenai Peninsula,,Oil Well Road,NULL,10.7,244-20-10100-2019-3018,8.39,,8.39,,,,"COp,DVr",2,,,1,2,1.95,1,59.99103618,-151.4905414,
20300951,Red,Kenai Peninsula,,Hope Highway FH 14,Bear Creek,9.5,247-60-10160,15.12,,15.12,,,,"COr,Kp,Pp",3,,,1,1,,,60.9187297,-149.6216831,
20301017,Red,Kenai Peninsula,,Sterling Highway,Diamond Creek,9.1,no awc,15.21,,15.21,,,,,,,,1,1,,,59.66914682,-151.6698977,
20301019,Gray,Kenai Peninsula,,East End Road,Fritz Creek,9.1,no awc,30.41,,30.41,,,,,,,,0.5,0.5,,,59.7085644,-151.3451784,
20300981,Red,Kenai Peninsula,,Sterling Highway,Falls Creek,8.5,no awc,14.09,,14.09,,,,,,,,1,1,,,60.19058632,-151.4296493,
20300969,Gray,Kenai River Drainage,,Sterling Highway,Slikok Creek,8.2,no awc,27.4,,27.4,,,,,,,,0.5,0.5,,,60.436494,-151.12376,
20300887,Red,Kenai Peninsula,,Oil Well Road,NULL,7.3,244-20-10090-2030-3034,5.81,,5.81,,,,COr,1,,,1,2,1.06,1,60.04990459,-151.3467132,
20301004,Red,Kenai Peninsula,,Swan Lake Road,Sucker Creek,6.8,no awc,11.31,,11.31,,,,,,,,1,1,,,60.72487593,-150.6783705,
20300994,Gray,Kenai River Drainage,,Sterling Highway,Soldotna Creek,6.6,244-30-10010-2039,20.4,,20.4,,,,"COsr,Kr,Sr,DVp,LPp,SHp",6,,,0.5,0.5,,,60.49797926,-151.0220618,
20303053,Black,Kenai Peninsula,,Driveway off Jakalof Bay Road,Jakalof River,5.8,241-16-10040,8.47,,8.47,,,,"CHrs,COpr,Ps,Sp,DVp",5,,,0,1,2.1,1,59.44131,-151.47534,
20300982,Red,Kenai Peninsula,,Sterling Highway,Corea,5.2,no awc,8.69,,8.69,,,,,,,,1,1,,,60.17170534,-151.4459881,
20300935,Red,Kenai River Drainage,,Seward Highway,Moose Creek,4.3,244-30-10010-2225-3013,6.68,,6.68,,,,"COp,Ss",2,,,1,1,,,60.50160588,-149.4228123,
20200938,Red,Kenai Peninsula,,Seward Highway,Grouse Creek,4.2,231-30-10080-2010-3065-4114,6.3,,6.3,,,,"COsr,Pp,Ss",3,,,1,1,,,60.20435066,-149.3720405,
20300967,Red,Kenai River Drainage,,Funny River Road,Bear Creek,4.2,244-30-10010-2046,6.77,,6.77,,,,COr,1,,,1,1,,,60.46997022,-150.8854742,
20301018,Red,Kenai Peninsula,,East End Road,Palmer Creek or Coal Creek,3.6,no awc,3,,3,,,,,,,,1,2,2.16,1,59.66386061,-151.4695978,
20200946,Gray,Kenai Peninsula,,Bear Lake,Bear Creek,3.5,231-30-10080-2010-3065-4010,10.79,,10.79,,,,"COpr,Kp,Pp,Ss",4,,,0.5,0.5,,,60.18277134,-149.3697289,
20203734,Red,Kenai Peninsula,,Driveway,Unnamed,3.4,231-30-10104,5.15,,5.15,,,,"CHs,Ps",2,,,1,1,,,60.12344,-149.36717,
20300893,Gray,Kenai Peninsula,,East Road,NULL,3.3,no awc,10.91,,10.91,,,,,,,,0.5,0.5,,,59.9530127,-151.6832092,
20301006,Gray,Kenai River Drainage,,Sterling Highway,Daves Creek,3.3,244-30-10010-2177-3020,9.9,,9.9,,,,"COsr,Ksr,Sp,Wp",4,,,0.5,0.5,,,60.52500064,-149.6102351,
20300934,Red,Kenai River Drainage,,Seward Highway,Moose Creek,3.2,244-30-10010-2225-3013,2.2,,2.2,,,,"COp,Ss",2,,,1,2,1.12,1,60.504696,-149.439519,
20300987,Red,Kenai Peninsula,,North Fork Anchor Road,Unnamed,3.2,no awc,5.32,,5.32,,,,,,,,1,1,,,59.71226,-151.68022,
20300971,Gray,Kenai River Drainage,,Kalifornsky Beach Road,Slikok Creek,3.2,244-30-10010-2030,9.33,,9.33,,,,"COsr,Ksr,Ps,Spr,DVr",5,,,0.5,0.5,,,60.47326839,-151.1401944,
20303749,Red,Kenai River Drainage,,Funny River Road,Unnamed,2.9,244-30-10010-2042,2.17,,2.17,,,,DVr,1,,,1,2,2.1,1,60.465287,-150.996111,
20300954,Gray,Kenai Peninsula,,Seward Highway,Silvertip Creek,2.9,247-60-10170-2029-3026,9,,9,,,,"COsr,Ksr",2,,,0.5,0.5,,,60.74010742,-149.3594862,side channel
20301025,Red,Kenai Peninsula,,Sterling Highway,Unnamed,2.8,no awc,4.73,,4.73,,,,,,,,1,1,,,60.23351809,-151.385988,
20300948,Red,Kenai River Drainage,,Seward Highway,John's Creek,2.8,no awc,4.71,,4.71,,,,,,,,1,1,,,60.55804659,-149.5837499,
20300942,Gray,Kenai Peninsula,,Seward Highway,Colorado Creek,2.7,no awc,9.11,,9.11,,,,,,,,0.5,0.5,,,60.64325469,-149.4975849,
20301020,Red,Kenai Peninsula,,East End Road,McNeil Creek,2.7,no awc,2.24,,2.24,,,,,,,,1,2,3.1,1,59.74464694,-151.256329,
20300995,Gray,Kenai River Drainage,,Sterling Highway,Moose River East Fork ,2.5,244-30-10010-2063-3036,7.72,,7.72,,,,"COs,Ss",2,,,0.5,0.5,,,60.53073198,-150.462176,
20300952,Red,Kenai Peninsula,,Hope Highway FH 14,Beaver Dam Creek,2.4,no awc,3.93,,3.93,,,,,,,,1,1,,,60.80140568,-149.437862,
20300960,Red,Kenai Peninsula,,Seward Highway,Bertha Creek,2.2,no awc,3.68,,3.68,,,,,,,,1,1,,,60.75089349,-149.251127,
20300983,Gray,Kenai Peninsula,,Sterling Highway,Happy Creek,2.2,no awc,7.25,,7.25,,,,,,,,0.5,0.5,,,59.93692125,-151.7375578,
20300886,Red,Kenai Peninsula,,Oil Well Road,NULL,1.8,244-20-10090-2030-3032-4005,2.53,,2.53,,,,"COr,DVr",2,,,1,1,,,60.04943232,-151.3820278,
20300941,Gray,Kenai River Drainage,,Seward Highway,Summit Creek,1.7,no awc,5.69,,5.69,,,,,,,,0.5,0.5,,,60.61012,-149.5352811,
20301010,Gray,Kenai Peninsula,,"Swanson River Road, off of ",Mink Creek,1.6,247-90-10020-2036,5.16,,5.16,,,,COsr,1,,,0.5,0.5,,,60.70577565,-150.8618983,
20303748,Gray,Kenai River Drainage,,First Avenue,Unnamed,1.6,244-30-10010-2001-3004,5.03,,5.03,,,,COr,1,,,0.5,0.5,,,60.559728,-151.261434,
20301003,Red,Kenai River Drainage,,Upper Skilak Campground Road,NULL,1.6,no awc,1.3,,1.3,,,,,,,,1,2,2.56,1,60.4556208,-150.3101649,
20300936,Red,Kenai River Drainage,,Seward Highway,Unnamed,1.6,no awc,2.59,,2.59,,,,,,,,1,1,,,60.31044957,-149.3602119,
20300930,Red,Kenai River Drainage,,Ptarmigan Place,Bean Creek,1.5,244-30-10010-2169,2.03,,2.03,,,,"COr,Kr",2,,,1,1,,,60.4931312,-149.8439313,
20300902,Gray,Kenai Peninsula,,Oil Well Road,NULL,1.4,244-20-10090-2030-3015,4.51,,4.51,,,,COr,1,,,0.5,0.5,,,60.05686078,-151.4768801,
20300906,Green,Kenai Peninsula,,Tall Tree Road,NULL,1.3,244-10-10010-2011-3031-4038-5029,1.75,,1.75,,,,"COr,DVr",2,,,0,1,2.41,1,59.87099384,-151.6055751,
20300889,Red,Kenai Peninsula,,Oil Well Road,NULL,1.3,no awc,1.1,,1.1,,,,,,,,1,2,1.34,1,60.0667067,-151.3423,
20300973,Gray,Kenai River Drainage,,Kenai Spur Highway,Unnamed,1.3,244-30-10010-2031,3.83,,3.83,,,,"COr,Kr",2,,,0.5,0.5,,,60.53745966,-151.0841654,
20300905,Green,Kenai Peninsula,,Tall Tree Road,NULL,1.3,244-10-10010-2011-3031-4038-5033-6008,1.64,,1.64,,,,"COsr,DVr",2,,,0,1,3.22,1,59.88104838,-151.5604232,
20303745,Red,Kenai River Drainage,,Private Drive,Unnamed,1.3,244-30-10010-2041,1.85,,1.85,,,,COr,1,,,1,1,,,60.48698,-150.9991,
20300903,Red,Kenai Peninsula,,Oil Well Road,NULL,1.2,244-20-10090-2020,1.78,,1.78,,,,COp,1,,,1,1,,,60.02750824,-151.573336,
20300894,Red,Kenai Peninsula,,Oil Well Road,NULL,1.2,244-20-10100-2019-3018-4009,1.75,,1.75,,,,DVr,1,,,1,1,,,59.99457678,-151.4938679,
20300895,Gray,Kenai Peninsula,,Oil Well Road,NULL,1.1,244-20-10100-2019,2.62,,2.62,,,,"COs,Ks,Pp,DVp",4,,,0.5,0.5,,,60.00979873,-151.3316675,
20303792,Gray,Kenai Peninsula,,Swanson River Access,Stormy Lake Outlet Creek,1,247-90-10020-2002,2.98,,2.98,,,,COsr,1,,,0.5,0.5,,,60.793726,-151.015176,
20300914,Red,Kenai Peninsula,,Port Graham,NULL,0.8,no awc,0.68,,0.68,,,,,,,,1,2,1.33,1,59.29291462,-151.7003821,
20303804,Red,Kenai River Drainage,,Beaver Loop Road,Unnamed,0.8,244-30-10010-2015,0.86,,0.86,,,,"COr,Sr",2,,,1,1,,,60.54239,-151.16998,
20300963,Red,Kenai Peninsula,,Seward Highway,Unnamed,0.8,247-60-10170-2029-3041-4030,1.05,,1.05,,,,COr,1,,,1,1,,,60.7897119,-149.2096413,
20302669,Red,Kenai River Drainage,,Seward Highway,Moose Creek,0.8,244-30-10010-2225-3013,0.14,,0.14,,,,"COp,Ss",2,,,1,2,1.11,1,60.50917,-149.4525,
20300959,Gray,Kenai Peninsula,,Seward Highway,Spokane Creek,0.7,no awc,2.42,,2.42,,,,,,,,0.5,0.5,,,60.7415027,-149.2598856,
20301001,Red,Kenai River Drainage,,Upper Skilak Lake Campground,Lower Ohmer Creek,0.7,no awc,1.21,,1.21,,,,,,,,1,1,,,60.44187049,-150.3178242,
20300907,Gray,Kenai Peninsula,,East Road,NULL,0.7,244-20-10100-2022,2.07,,2.07,,,,COp,1,,,0.5,0.5,,,59.98388134,-151.6291596,
20303924,Red,Kenai River Drainage,,Seward Highway,Moose Creek,0.6,244-30-10010-2225-3013,0.01,,,,,,"COp,Ss",2,,,1,2,1.6,1,60.5090273,-149.452718,
20300943,Red,Kenai River Drainage,,Seward Highway,Moose Creek,0.6,no awc,0.99,,0.99,,,,,,,,1,1,,,60.51357401,-149.4703751,
20303751,Red,Kenai River Drainage,,Lawton Drive,Unnamed,0.5,244-30-10010-2007,0.6,,0.6,,,,COr,1,,,1,1,,,60.560026,-151.187151,side channel
20300915,Red,Kenai Peninsula,,Port Graham,NULL,0.5,241-20-10550-2024-3012,0.06,,0.06,,,,"COr,Ps,DVs",3,,,1,1,,,59.28985038,-151.6904909,
20300986,Red,Kenai Peninsula,,North Fork Road,Unnamed,0.5,no awc,0.79,,0.79,,,,,,,,1,1,,,59.76637765,-151.6266623,
20300912,Red,Kenai Peninsula,,Port Graham,NULL,0.5,no awc,0.39,,0.39,,,,,,,,1,2,5.13,1,59.31087237,-151.7717086,
20303756,Gray,Kenai River Drainage,,Otter Trail Road,Unnamed,0.5,244-30-10010-2063-3002,1.31,,1.31,,,,COr,1,,,0.5,0.5,,,60.5395,-150.73605,
20200929,Red,Kenai Peninsula,,Port Graham,NULL,0.5,242-32-10170,0.01,,,,,,"CHs,COs,Ps",3,,,1,1,,,59.24984594,-151.6272546,
20300958,Gray,Kenai Peninsula,,Seward Highway,Pete's Creek,0.4,no awc,1.46,,1.46,,,,,,,,0.5,0.5,,,60.73191175,-149.2697941,
20301022,Red,Kenai Peninsula,,Nikolaevsk Road,Unnamed,0.4,no awc,0.71,,0.71,,,,,,,,1,1,,,59.81844977,-151.6066812,
20301007,Gray,Kenai River Drainage,,Bridge Access Road,Unnamed,0.4,244-30-10010-2009,0.64,,0.64,,,,"COr,Kr,Sr",3,,,0.5,0.5,,,60.53529881,-151.2112883,
20300883,Gray,Kenai Peninsula,,Falls Creek Road,NULL,0.4,244-20-10090,0.12,,0.12,,,,"COs,Kp,Pp,DVp,SHp",5,,,0.5,0.5,,,60.18491511,-151.3054008,
20302672,Red,Kenai River Drainage,,Seward Highway,Moose Creek,0.4,244-30-10010-2225-3013,0.16,,0.16,,,,"COp,Ss",2,,,1,1,,,60.512276,-149.467164,
20300975,Black,Kenai River Drainage,,Kenai Spur Highway,Unnamed,0.4,244-30-10010-2001-3004,0.41,,0.41,,,,COr,1,,,0,1,1.85,1,60.5575191,-151.2661299,
20300922,Red,Kenai Peninsula,,Port Graham,NULL,0.4,241-20-10550-2021,0.08,,0.08,,,,COr,1,,,1,2,2.67,1,59.30243435,-151.7058791,
20200945,Red,Kenai Peninsula,,Nash Road,Unnamed,0.4,231-30-10104,0.12,,0.12,,,,"CHs,Ps",2,,,1,1,,,60.1225294,-149.3697248,
20300882,Red,Kenai Peninsula,,Falls Creek Road,NULL,0.4,no awc,0.61,,0.61,,,,,,,,1,1,,,60.14039455,-151.364649,
20301015,Gray,Kenai River Drainage,,Scout Lake Loop Road,Unnamed,0.4,244-30-10010-2057,0.7,,0.7,,,,"COr,Kr",2,,,0.5,0.5,,,60.51814177,-150.794461,
20200937,Red,Kenai Peninsula,,Nash Road,Spring Creek,0.4,no awc,0.58,,0.58,,,,,,,,1,1,,,60.08947,-149.35236,
20300976,Gray,Kenai River Drainage,,Kenai Spur Road,Unnamed,0.3,244-30-10010-2001,0.39,,0.39,,,,"COr,Kr,Sr",3,,,0.5,0.5,,,60.55965904,-151.27333,
20300965,Gray,Kenai River Drainage,,Jerome Lake Access Road,Jerome Lake,0.3,244-30-10010-2177-3030,0.79,,0.79,,,,COsr,1,,,0.5,0.5,,,60.55105718,-149.5884507,
20301014,Gray,Kenai River Drainage,,Lou Morgan Road,Unnamed,0.3,244-30-10010-2051,0.73,,0.73,,,,COr,1,,,0.5,0.5,,,60.51310103,-150.8596036,
20303753,Red,Kenai River Drainage,,Moose River Drive,Unnamed,0.3,no awc,0.47,,0.47,,,,,,,,1,1,,,60.54926,-150.75282,
20303930,Gray,Kenai River Drainage,,Driveway off Seward Highway,Moose Creek,0.3,no awc,0.91,,0.91,,,,,,,,0.5,0.5,,,60.513401,-149.47038,
20203732,Red,Kenai Peninsula,,Port Avenue,Unnamed,0.2,231-30-10070-2016,0.16,,0.16,,,,COs,1,,,1,1,,,60.12098,-149.43985,
20300996,Gray,Kenai River Drainage,,Skilak Lake Road,Jean Creek,0.2,244-30-10010-2145,0.01,,,,,,"COs,Sp,DVp",3,,,0.5,0.5,,,60.48345123,-150.1166893,
20300900,Gray,Kenai Peninsula,,Oil Well Road,NULL,0.2,no awc,0.52,,0.52,,,,,,,,0.5,0.5,,,60.04575261,-151.3001169,
20203720,Red,Kenai Peninsula,,Driveway,Unnamed,0.2,231-30-10070-2009,0.01,,,,,,COp,1,,,1,1,,,60.11431,-149.44389,
20203727,Red,Kenai Peninsula,,Driveway,Scheffler Creek,0.2,231-30-10070-2009,0.01,,,,,,COp,1,,,1,1,,,60.11247,-149.44385,
20203728,Red,Kenai Peninsula,,Driveway,Scheffler Creek,0.2,231-30-10070-2009,0.01,,,,,,COp,1,,,1,1,,,60.11215,-149.44386,
20203731,Red,Kenai Peninsula,,Seward Highway,Unnamed,0.2,231-30-10080-2010-3065-4110,0.01,,,,,,COr,1,,,1,1,,,60.191417,-149.375135,
20203736,Red,Kenai Peninsula,,Driveway,Unnamed,0.2,231-30-10080-2010-3029-4015,0.01,,,,,,COr,1,,,1,1,,,60.155048,-149.426587,
20203737,Red,Kenai Peninsula,,Driveway,Unnamed,0.2,231-30-10080-2010-3029-4015,0.01,,,,,,COr,1,,,1,1,,,60.15519,-149.4283,
20203740,Red,Kenai Peninsula,,Clear Creek Road,Unnamed,0.2,231-30-10080-2010-3029-4019,0.01,,,,,,COr,1,,,1,1,,,60.15521,-149.43199,
20300918,Red,Kenai Peninsula,,Port Graham,NULL,0.2,241-20-10550-2015,0.01,,,,,,COr,1,,,1,1,,,59.3076617,-151.7223092,
20300926,Red,Kenai Peninsula,,Port Graham,NULL,0.2,241-20-10550-2020,0.01,,,,,,COr,1,,,1,1,,,59.29771233,-151.7118075,
20300921,Gray,Kenai Peninsula,,Port Graham,NULL,0.2,241-20-10550-2023,0.01,,,,,,"CHr,COr",2,,,0.5,0.5,,,59.30213914,-151.7002252,
20303806,Gray,Kenai River Drainage,,Sterling Highway,Unnamed,0.2,244-30-10010-2177-3022,0.26,,0.26,,,,COr,1,,,0.5,0.5,,,60.524288,-149.644316,
20303923,Red,Kenai River Drainage,,Seward Highway,Unnamed,0.1,no awc,0.22,,0.22,,,,,,,,1,1,,,60.510583,-149.462777,
20301002,Green,Kenai River Drainage,,Upper Skilak Campground Road,Lower Ohmer Creek,0.1,no awc,0.18,,0.18,,,,,,,,0,1,3.09,1,60.43968047,-150.3201642,
20203735,Gray,Kenai Peninsula,,Old Exit Glacier Road,Unnamed,0.1,231-30-10080-2010-3029-4015,0.09,,0.09,,,,COr,1,,,0.5,0.5,,,60.15431,-149.42455,
20303752,Gray,Kenai River Drainage,,Moose River Drive,Unnamed,0.1,244-30-10010-2063-3003,0.07,,0.07,,,,COr,1,,,0.5,0.5,,,60.54728,-150.75244,
20203733,Gray,Kenai Peninsula,,Seward Highway,Unnamed,0.1,231-30-10070-2016,0.07,,0.07,,,,COs,1,,,0.5,0.5,,,60.12032,-149.44093,
20301016,Red,Kenai Peninsula,,Seward Highway,Unnamed,0.1,no awc,0.15,,0.15,,,,,,,,1,1,,,60.74939002,-149.3756507,
20203738,Gray,Kenai Peninsula,,Driveway,Unnamed,0.1,231-30-10080-2010-3029-4015,0.01,,,,,,COr,1,,,0.5,0.5,,,60.15498,-149.42961,
20203741,Gray,Kenai Peninsula,,Salmon Creek Road,Unnamed,0.1,231-30-10080-2010-3022,0.01,,,,,,COr,1,,,0.5,0.5,,,60.15122,-149.40675,
20300920,Gray,Kenai Peninsula,,Port Graham,NULL,0.1,241-20-10550-2019,0.01,,,,,,COr,1,,,0.5,0.5,,,59.30174782,-151.7118873,
20300885,Gray,Kenai Peninsula,,Oil Well Road,NULL,0.1,no awc,0.17,,0.17,,,,,,,,0.5,0.5,,,60.04218986,-151.3857502,
20303754,Red,Kenai River Drainage,,Driveway,Unnamed,0,no awc,0.08,,0.08,,,,,,,,1,1,,,60.54675,-150.75394,
20200940,Gray,Kenai Peninsula,,Seward Highway,Unnamed,0,no awc,0.13,,0.13,,,,,,,,0.5,0.5,,,60.16591946,-149.4042281,
20300932,Gray,Kenai River Drainage,,Sterling Highway,Unnamed,0,no awc,0.12,,0.12,,,,,,,,0.5,0.5,,,60.52403537,-149.6394442,
20300974,Red,Kenai River Drainage,,Kenai Spur Highway,Unnamed,0,no awc,0.06,,0.06,,,,,,,,1,1,,,60.53740966,-151.0856655,
20200939,Red,Kenai Peninsula,,Seward Highway,Grouse Creek,0,no awc,0.01,,,,,,,,,,1,2,1.33,1,60.24200118,-149.3648228,
20300913,Red,Kenai Peninsula,,Port Graham,NULL,0,no awc,0.01,,,,,,,,,,1,2,1.82,1,59.30850014,-151.7578211,
20300999,Red,Kenai River Drainage,,Snug Harbor Road,Shackleford Creek,0,no awc,0.01,,,,,,,,,,1,2,3.38,1,60.48786998,-149.7856758,
20301023,Red,Kenai Peninsula,,North Fork Road,Unnamed,0,no awc,0.01,,,,,,,,,,1,2,1.14,1,59.80098786,-151.6650909,
20300896,Red,Kenai Peninsula,,Oil Well Road,NULL,0,no awc,0.02,,0.02,,,,,,,,1,1,,,60.12448936,-151.1806268,
20203721,Red,Kenai Peninsula,,Driveway,Scheffler Creek,0,no awc,0.01,,,,,,,,,,1,1,,,60.11375,-149.44392,
20203724,Red,Kenai Peninsula,,Driveway,Scheffler Creek,0,no awc,0.01,,,,,,,,,,1,1,,,60.113149,-149.44383,
20203725,Red,Kenai Peninsula,,Driveway,Scheffler Creek,0,no awc,0.01,,,,,,,,,,1,1,,,60.11284,-149.44388,
20203726,Red,Kenai Peninsula,,Driveway,Scheffler Creek,0,no awc,0.01,,,,,,,,,,1,1,,,60.11266,-149.44389,
20203742,Red,Kenai Peninsula,,Driveway,Unnamed,0,no awc,0.01,,,,,,,,,,1,1,,,60.14897,-149.40862,
20300919,Red,Kenai Peninsula,,Port Graham,NULL,0,no awc,0.01,,,,,,,,,,1,1,,,59.30813389,-151.7230763,
20300924,Red,Kenai Peninsula,,Port Graham,NULL,0,no awc,0.01,,,,,,,,,,1,1,,,59.29671435,-151.7158956,
20300962,Red,Kenai Peninsula,,Seward Highway,Unnamed,0,no awc,0.01,,,,,,,,,,1,1,,,60.73092459,-149.3354309,
20300964,Red,Kenai Peninsula,,Seward Highway,Unnamed,0,no awc,0.01,,,,,,,,,,1,1,,,60.8236131,-149.1324055,
20303056,Black,Kenai Peninsula,,Jakalof Bay Road,Unnamed,0,no awc,0.01,,,,,,,,,,0,1,3,1,59.46002,-151.53177,
20303062,Black,Kenai Peninsula,,Jakalof Bay Road,Unnamed,0,no awc,0.01,,,,,,,,,,0,1,4,1,59.45235,-151.52417,
20203722,Gray,Kenai Peninsula,,Driveway,Scheffler Creek,0,no awc,0.01,,,,,,,,,,0.5,0.5,,,60.11341,-149.44402,
20300909,Gray,Kenai Peninsula,,Port Graham,NULL,0,no awc,0.01,,,,,,,,,,0.5,0.5,,,59.33090594,-151.8055521,
20300927,Gray,Kenai Peninsula,,Port Graham,NULL,0,no awc,0.01,,,,,,,,,,0.5,0.5,,,59.2785487,-151.655291,
20300955,Gray,Kenai Peninsula,,Seward Highway,Unnamed,0,no awc,0.01,,,,,,,,,,0.5,0.5,,,60.74330825,-149.3641276,
20300956,Gray,Kenai Peninsula,,Seward Highway,Unnamed,0,no awc,0.01,,,,,,,,,,0.5,0.5,,,60.74490865,-149.3658983,
20300957,Gray,Kenai Peninsula,,Seward Highway,Ditch Creek,0,no awc,0.01,,,,,,,,,,0.5,0.5,,,60.72777157,-149.2798841,
20301000,Gray,Kenai River Drainage,,Sterling Highway,Unnamed,0,no awc,0.01,,,,,,,,,,0.5,0.5,,,60.52409203,-149.6411689,
20303054,Gray,Kenai Peninsula,,Jakalof Bay Road,Unnamed,0,no awc,0.01,,,,,,,,,,0.5,0.5,,,59.44772,-151.49365,
20303807,Gray,Kenai River Drainage,,Sterling Highway,Unnamed,0,no awc,0.01,,,,,,,,,,0.5,0.5,,,60.524317,-149.643483,
20303931,Gray,Kenai Peninsula,,North Ford Road,Anchor River Tributary,0,no awc,0.01,,,,,,,,,,0.5,0.5,,,59.7122,-151.6802,
20200944,Green,Kenai Peninsula,,Salmon Creek Road,Unnamed,0,231-30-10080-2010-3019,0.17,,0.17,,,,COsr,1,,,0,0,,,60.14376,-149.41443,
20203719,Green,Kenai Peninsula,,Timber Lane Drive,Unnamed,0,231-30-10080-2010-3046,0.1,,0.1,,,,COr,1,,,0,0,,,60.16748,-149.39059,
20203723,Green,Kenai Peninsula,,Driveway,Schafller Creek,0,no awc,0.01,,,,,,,,,,0,0,,,60.11335,-149.44391,
20203729,Green,Kenai Peninsula,,Seward Highway,Unnamed,0,231-30-10080-2010-3031-4017,0.27,,0.27,,,,COr,1,,,0,0,,,60.16084,-149.41443,
20203730,Green,Kenai Peninsula,,Dairy Hill Lane,Unnamed,0,231-30-10070-2014,4.02,,4.02,,,,COs,1,,,0,0,,,60.11967,-149.44302,
20203739,Green,Kenai Peninsula,,Driveway,Unnamed,0,no awc,0.01,,,,,,,,,,0,0,,,60.15534,-149.43472,
20203770,Black,Kenai Peninsula,,Taxiway A,Unnamed,0,no awc,0.15,,0.15,,,,,,,,0,0,,,60.129014,-149.417663,
20203771,Black,Kenai Peninsula,,Taxiway C,Unnamed,0,no awc,0.01,,,,,,,,,,0,0,,,60.13256,-149.421292,
20203772,Black,Kenai Peninsula,,Taxiway D,Unnamed Stream,0,231-30-10075-2007,0.01,,,,,,Ps,1,,,0,0,,,60.130531,-149.42109,
20203773,Black,Kenai Peninsula,,Taxiway E,Unnamed,0,231-30-10075-2007,0.01,,,,,,Ps,1,,,0,0,,,60.128596,-149.420839,
20203774,Black,Kenai Peninsula,,Taxiway F,Unnamed,0,231-30-10075-2007,0.01,,,,,,Ps,1,,,0,0,,,60.127526,-149.420648,
20300880,Green,Kenai Peninsula,,,NULL,0,no awc,1.74,,1.74,,,,,,,,0,0,,,60.16718985,-151.4135345,
20300881,Green,Kenai Peninsula,,Falls Creek Road,NULL,0,no awc,3.37,,3.37,,,,,,,,0,0,,,60.15141876,-151.352719,
20300884,Green,Kenai Peninsula,,Oil Well Road,NULL,0,244-20-10100-2019,25.09,,25.09,,,,"COs,Ks,Pp,DVp",4,,,0,0,,,60.02728668,-151.4008124,
20300888,Green,Kenai Peninsula,,Oil Well Road,NULL,0,244-20-10090-2030-3034,4.76,,4.76,,,,COr,1,,,0,0,,,60.04926616,-151.342293,
20300890,Green,Kenai Peninsula,,Oil Well Road,NULL,0,244-20-10090-2030-3036,12.13,,12.13,,,,COr,1,,,0,0,,,60.07111647,-151.3379123,
20300891,Black,Kenai Peninsula,,Oil Well Road,NULL,0,no awc,2.88,,2.88,,,,,,,,0,0,,,60.12671079,-151.2519734,
20300892,Green,Kenai Peninsula,,East Road,NULL,0,no awc,0.01,,,,,,,,,,0,0,,,59.95373675,-151.7037123,
20300897,Green,Kenai Peninsula,,Oil Well Road,NULL,0,no awc,1.32,,1.32,,,,,,,,0,0,,,59.98510548,-151.2247982,
20300898,Green,Kenai Peninsula,,Oil Well Road,NULL,0,no awc,1.66,,1.66,,,,,,,,0,0,,,59.9924118,-151.3358715,
20300901,Green,Kenai Peninsula,,Oil Well Road,NULL,0,no awc,1.37,,1.37,,,,,,,,0,0,,,60.05030762,-151.5819968,
20300904,Black,Kenai Peninsula,,Oil Well Road,NULL,0,244-20-10090-2030-3032,7.51,,7.51,,,,"COp,DVp",2,,,0,0,,,60.06465637,-151.4257295,
20300908,Green,Kenai Peninsula,,Port Graham,NULL,0,no awc,0.01,,,,,,,,,,0,0,,,59.33479675,-151.8174756,
20300910,Green,Kenai Peninsula,,Port Graham,NULL,0,no awc,0.01,,,,,,,,,,0,0,,,59.32599537,-151.7945191,
20300911,Green,Kenai Peninsula,,Port Graham,NULL,0,no awc,0.51,,0.51,,,,,,,,0,0,,,59.3202478,-151.7840817,
20300916,Green,Kenai Peninsula,,Port Graham,NULL,0,241-20-10550-2017,0.13,,0.13,,,,COr,1,,,0,0,,,59.30369057,-151.7204486,
20300917,Green,Kenai Peninsula,,Port Graham,NULL,0,241-20-10550-2015,0.07,,0.07,,,,COr,1,,,0,0,,,59.30607872,-151.7258285,
20300923,Green,Kenai Peninsula,,Port Graham,NULL,0,no awc,0.01,,,,,,,,,,0,0,,,59.34301342,-151.8382971,
20300925,Green,Kenai Peninsula,,Port Graham,NULL,0,no awc,0.01,,,,,,,,,,0,0,,,59.28940489,-151.6870578,
20300928,Green,Kenai Peninsula,,Port Graham,NULL,0,no awc,0.01,,,,,,,,,,0,0,,,59.27868826,-151.659749,
20300931,Green,Kenai River Drainage,,Bean Creek,Bean Creek,0,244-30-10010-2169,2,,2,,,,"COr,Kr",2,,,0,0,,,60.4931344,-149.844504,
20300933,Green,Kenai River Drainage,,Sterling Highway,Unnamed,0,no awc,0.01,,,,,,,,,,0,0,,,60.52410558,-149.6384345,
20300947,Green,Kenai River Drainage,,Seward Highway,Summit Creek,0,no awc,5.55,,5.55,,,,,,,,0,0,,,60.59944025,-149.5410014,
20300953,Green,Kenai Peninsula,,Hope Highway FH 14,Alder Creek,0,no awc,8.27,,8.27,,,,,,,,0,0,,,60.81738852,-149.4318646,
20300966,Green,Kenai River Drainage,,College Loop Road,Slikok Creek,0,244-30-10010-2030,0.28,,0.28,,,,"COsr,Ksr,Ps,Spr,DVr",5,,,0,0,,,60.47640847,-151.1393446,
20300968,Green,Kenai River Drainage,,Arc Loop Road,Slikok Creek,0,244-30-10010-2030,24.42,,24.42,,,,"COsr,Ksr,Ps,Spr,DVr",5,,,0,0,,,60.4334382,-151.1221224,
20300970,Green,Kenai Peninsula,,Sterling Highway,Coal Creek,0,244-30-10050-2015,47.94,,47.94,,,,"COs,Ps,DVp",3,,,0,0,,,60.35083,-151.2172,
20300977,Green,Kenai Peninsula,,North Kenai Highway,Bishop Creek,0,no awc,47.13,,47.13,,,,,,,,0,0,,,60.77507648,-151.0986749,
20300978,Green,Kenai River Drainage,,Kenai Spur Highway,Unnamed,0,no awc,9.31,,9.31,,,,,,,,0,0,,,60.56729008,-151.1467485,
20300979,Green,Kenai Peninsula,,Sterling Highway,Crooked Creek,0,244-30-10050-2024,123.93,,123.93,,,,"COs,Ks,Pp,Ss,DVp,PCp,SHp",7,,,0,0,,,60.30205097,-151.2712755,
20300984,Green,Kenai Peninsula,,Sterling Highway,Stariski Creek,0,244-10-10050,134.96,,134.96,,,,"COrs,Krs,Ps,DVp,SHp",5,,,0,0,,,59.85143633,-151.7905646,
20300990,Black,Kenai Peninsula,,Sterling Highway,Unnamed,0,244-10-10010-2088,9,,9,,,,"COsr,DVr",2,,,0,0,,,59.71386,-151.70264,
20300991,Green,Kenai River Drainage,,Driveway Spenard Builders Supp,Unnamed,0,244-30-10010-2010,0.4,,0.4,,,,"COr,Kr,Pp,Sr",4,,,0,0,,,60.51664824,-151.2038974,
20300992,Black,Kenai River Drainage,,Kalifornsky Beach Road,Unnamed,0,244-30-10010-2010,0.49,,0.49,,,,"COr,Kr,Pp,Sr",4,,,0,0,,,60.51760824,-151.2059275,
20300993,Green,Kenai River Drainage,,East Redoubt Street,Soldotna Creek,0,244-30-10010-2039,1.72,,1.72,,,,"COsr,Kr,Sr,DVp,LPp,SHp",6,,,0,0,,,60.48775911,-151.0468423,
20300998,Green,Kenai River Drainage,,Skilak Lake Road,Hidden Creek,0,244-30-10010-2137,11.36,,11.36,,,,"COsr,Ss,DVp",3,,,0,0,,,60.45784506,-150.1982658,
20301005,Green,Kenai Peninsula,,Swan Lake Road,Unnamed,0,no awc,0.77,,0.77,,,,,,,,0,0,,,60.73148675,-150.7415331,
20301008,Green,Kenai River Drainage,,Bridge Access Road,Beaver Loop Creek,0,244-30-10010-2007,2.41,,2.41,,,,COr,1,,,0,0,,,60.54427913,-151.2118186,
20301009,Green,Kenai Peninsula,,"Swanson River Road, off of ",Mink Creek,0,247-90-10020-2036,4.79,,4.79,,,,COsr,1,,,0,0,,,60.70406556,-150.8691787,
20301011,Green,Kenai Peninsula,,"Swanson River Road, off of ",Breeze Lake Creek,0,247-90-10020-2040-3005,0.41,,0.41,,,,COr,1,,,0,0,,,60.70410575,-150.8254765,
20301012,Black,Kenai Peninsula,,"Swanson River Road, off ",Breeze Lake Creek,0,no awc,2.9,,2.9,,,,,,,,0,0,,,60.70315566,-150.8393872,
20301013,Green,Kenai River Drainage,,Stephens Drive,Unnamed,0,244-30-10010-2051,0.53,,0.53,,,,COr,1,,,0,0,,,60.50732097,-150.8563533,
20301021,Green,Kenai Peninsula,,Hutler Road,Beaver Creek,0,244-10-10010-2150,7.89,,7.89,,,,"COsr,Ksr,DVpr",3,,,0,0,,,59.73828,-151.30996,
20301024,Green,Kenai Peninsula,,Oil Well Road,Silver Salmon,0,244-20-10100-2019,45.39,,45.39,,,,"COs,Ks,Pp,DVp",4,,,0,0,,,60.01066328,-151.5253129,
20301026,Green,Kenai Peninsula,,Fish Hatchery,Crooked Creek,0,no awc,0.01,,,,,,,,,,0,0,,,60.29637088,-151.2756155,
20302477,Green,Kenai River Drainage,,Duncan Drive,Kenai River Tributary,0,244-30-10010-2057,0.41,,0.41,,,,"COr,Kr",2,,,0,0,,,60.51339,-150.79164,
20302509,Black,Kenai Peninsula,,Stickleback Road,Bishop Creek tributary,0,247-90-10030-2032,0.82,,0.82,,,,"COp,Sp",2,,,0,0,,,60.72894,-151.16673,
20303052,Black,Kenai Peninsula,,Jakalof Bay Road,Unnamed,0,no awc,0.01,,,,,,,,,,0,0,,,59.44474,-151.48219,
20303055,Black,Kenai Peninsula,,Jakalof Road,Unnamed,0,no awc,1.38,,1.38,,,,,,,,0,0,,,59.45235,-151.52417,
20303057,Black,Kenai Peninsula,,Karshevarof Road,Unnamed,0,no awc,0.01,,,,,,,,,,0,0,,,59.47644,-151.65186,
20303058,Black,Kenai Peninsula,,Karshevarof Road,Unnamed,0,no awc,0.01,,,,,,,,,,0,0,,,59.47662,-151.65523,
20303059,Black,Kenai Peninsula,,Unnamed,Unnamed,0,no awc,0.01,,,,,,,,,,0,0,,,59.47818,-151.65428,
20303060,Black,Kenai Peninsula,,Jakalof Bay Road,Unnamed,0,no awc,4.33,,4.33,,,,,,,,0,0,,,59.46471,-151.6789,
20303061,Green,Kenai Peninsula,,Airport Way,Fish Creek,0,no awc,0.01,,,,,,,,,,0,0,,,59.438,-151.703,
20303743,Black,Kenai River Drainage,,Akiak Road,Unnamed,0,244-30-10010-2007,1.42,,1.42,,,,COr,1,,,0,0,,,60.567283,-151.189161,
20303744,Green,Kenai River Drainage,,Beaver Loop Road,Unnamed,0,244-30-10010-2025-3011,0.98,,0.98,,,,"COr,Sr",2,,,0,0,,,60.56127,-151.12889,
20303746,Green,Kenai River Drainage,,Messer Street,Mackey Lake outlet,0,244-30-10010-2039-3029,2.63,,2.63,,,,COs,1,,,0,0,,,60.5277,-150.98456,
20303747,Green,Kenai River Drainage,,Enstar Pipeline Access Rd,Unnamed,0,244-30-10010-2036,0.44,,0.44,,,,"COr,Kr,Sr",3,,,0,0,,,60.502797,-151.118312,
20303750,Black,Kenai River Drainage,,Strawberry Road,Unnamed,0,no awc,1.8,,1.8,,,,,,,,0,0,,,60.545569,-150.983408,
20303755,Black,Kenai River Drainage,,Otter Trail Road,Unnamed,0,244-30-10010-2063-3004,0.01,,,,,,COr,1,,,0,0,,,60.547584,-150.736151,
20303791,Black,Kenai Peninsula,,Holt-Lamplight Road,Bishop Creek,0,247-90-10030,2.44,,2.44,,,,"COs,Ps,Ss,DVp",4,,,0,0,,,60.6893,-151.23021,
20303793,Black,Kenai Peninsula,,Taurianen Trail,Daniels Creek,0,no awc,1.28,,1.28,,,,,,,,0,0,,,60.717007,-151.159512,
20303794,Black,Kenai Peninsula,,Parson's Road,Bishop Creek,0,247-90-10030,0.57,,0.57,,,,"COs,Ps,Ss,DVp",4,,,0,0,,,60.690416,-151.254998,
20303795,Black,Kenai River Drainage,,4th Avenue,Unnamed,0,244-30-10010-2001,2.4,,2.4,,,,"COr,Kr,Sr",3,,,0,0,,,60.565187,-151.27117,
20303796,Green,Kenai River Drainage,,Kenai Spur Highway,Unnamed,0,244-30-10010-2003,1.61,,1.61,,,,"COr,Sr",2,,,0,0,,,60.561208,-151.224424,
20303797,Black,Kenai River Drainage,,Lawton Drive,Unnamed,0,244-30-10010-2003,0.01,,,,,,"COr,Sr",2,,,0,0,,,60.560129,-151.224424,
20303798,Black,Kenai River Drainage,,Kalifornsky Beach Road,Unnamed,0,no awc,1.49,,1.49,,,,,,,,0,0,,,60.516095,-151.230092,
20303799,Black,Kenai River Drainage,,Unnamed,Unnamed,0,244-30-10010-2010,2.25,,2.25,,,,"COr,Kr,Pp,Sr",4,,,0,0,,,60.513741,-151.196436,
20303805,Green,Kenai River Drainage,,Forest Road,Unnamed,0,244-30-10010-2039-3010,0.21,,0.21,,,,COr,1,,,0,0,,,60.495381,-151.019059,
20303808,Green,Kenai River Drainage,,Sterling Highway,Unnamed,0,244-30-10010-2157,0.45,,0.45,,,,COr,1,,,0,0,,,60.48749,-149.984016,
20303922,Black,Kenai River Drainage,,Sterling Highway,Denaina Creek,0,no awc,1.25,,1.25,,,,,,,,0,0,,,60.489599,-149.716271,
20303925,Black,Kenai River Drainage,,Sterling Highway,Unnamed,0,244-30-10010-2177-3020-4285,0.01,,,,,,COr,1,,,0,0,,,60.533335,-149.568202,
20303926,Black,Kenai River Drainage,,Kenai Borough ROW,Daves Creek,0,no awc,3.15,,3.15,,,,,,,,0,0,,,60.524367,-149.514425,
20303927,Black,Kenai River Drainage,,Seward Highway,Unnamed,0,244-30-10010-2250-3026,0.83,,0.83,,,,COr,1,,,0,0,,,60.273352,-149.346305,
20303928,Black,Kenai River Drainage,,Seward Highway,Unnamed,0,no awc,0.85,,0.85,,,,,,,,0,0,,,60.275027,-149.345972,
20303929,Black,Kenai River Drainage,,Seward Highway,Unnamed,0,244-30-10010-2250-3024,5.04,,5.04,,,,COpr,1,,,0,0,,,60.29174,-149.347493,
20303937,Black,Kenai River Drainage,,Sterling Highway,Tern Lake tributary,0,no awc,0.01,,,,,,,,,,0,0,,,60.534389,-149.546259,
20303938,Black,Kenai River Drainage,,Sterling Highway,Tern Lake tributary,0,no awc,0.01,,,,,,,,,,0,0,,,60.53329,-149.553379,
20303939,Black,Kenai River Drainage,,Sterling Highway,Daves Creek Mainstem,0,244-30-10010-2177-3020,0.32,,0.32,,,,"COsr,Ksr,Sp,Wp",4,,,0,0,,,60.52491,-149.616622,
20303941,Black,Kenai River Drainage,,Seward Highway,Tributary to Snow River,0,244-30-10010-2250-3018,0.37,,0.37,,,,COs,1,,,0,0,,,60.29476,-149.351624,
20303942,Black,Kenai River Drainage,,Seward Highway,Trib to Snow River,0,no awc,0.01,,,,,,,,,,0,0,,,60.302346,-149.356346,
20303945,Black,Kenai Peninsula,,Kenai Spur Highway,,0,no awc,5.29,,5.29,,,,,,,,0,0,,,60.621,-151.333,
